Soil Moisture,Temperature,Air Humidity,Pump Data
683.8029058	29.18490786	71.78969946	0
659.0920744	24.76031105	60.77628206	1
842.929764	32.73851507	59.32354345	0
414.1993203	25.69274449	66.62491413	1
487.5212262	33.80680929	47.77469251	1
820.8567329	32.65949511	40.31759197	0
726.5048072	38.08393948	50.91595054	0
356.8913104	22.59447703	77.89861807	1
580.6395043	24.0014384	40.66397833	1
631.0901257	30.66098124	45.14644997	1
