Soil Moisture,Temperature,Air Humidity,Pump Data
683.8029058,29.18490786,71.78969946,0
408.5715671,33.70720471,77.97739053,1
659.0920744,24.76031105,60.77628206,1
842.929764,32.73851507,59.32354345,0
351.3558991,22.38197726,56.59230979,1
766.2113,19.62990205,46.27759015,0
891.4067107,18.44366419,58.18156467,0
895.4460155,32.51240158,53.58096683,0
326.3505069,30.02525645,59.47810081,1
503.8111697,32.66366387,55.98388839,1
